EmployeeID,EmployeeName,Department,Designation,Salary,JoiningYear,PerformanceRating,ProjectsCompleted,Location
5001,Employee_1,HR,Junior,116465,2017,2.2,12,Bangalore
5002,Employee_2,Marketing,Intern,71605,2017,3.7,10,Hyderabad
5003,Employee_3,Sales,Junior,44955,2017,4.2,18,Hyderabad
5004,Employee_4,Marketing,Lead,74049,2020,4.4,36,Delhi
5005,Employee_5,HR,Manager,43917,2022,3.2,39,Mumbai
5006,Employee_6,Marketing,Intern,100293,2021,2.6,14,Hyderabad
5007,Employee_7,HR,Intern,108581,2018,2.1,7,Pune
5008,Employee_8,HR,Lead,149072,2018,3.7,16,Mumbai
5009,Employee_9,Finance,Junior,94925,2016,3.4,35,Bangalore
5010,Employee_10,HR,Manager,137216,2015,4.8,33,Delhi
5011,Employee_11,HR,Junior,100269,2023,2.2,9,Bangalore
5012,Employee_12,Engineering,Senior,60954,2016,4.1,29,Bangalore
5013,Employee_13,Sales,Junior,126671,2022,2.1,45,Mumbai
5014,Employee_14,Finance,Intern,102617,2023,2.5,35,Bangalore
5015,Employee_15,Finance,Manager,71458,2018,3.4,25,Hyderabad
5016,Employee_16,Finance,Junior,119037,2022,3.4,24,Bangalore
5017,Employee_17,Engineering,Manager,51113,2023,4.1,43,Delhi
5018,Employee_18,HR,Manager,129977,2019,4.7,26,Delhi
5019,Employee_19,Sales,Senior,142622,2021,3.9,8,Pune
5020,Employee_20,Marketing,Senior,120226,2018,4.9,17,Delhi
5021,Employee_21,HR,Intern,73939,2015,4.6,49,Bangalore
5022,Employee_22,Engineering,Lead,59345,2017,3.8,46,Delhi
5023,Employee_23,HR,Manager,76313,2019,4.5,24,Mumbai
5024,Employee_24,HR,Lead,140107,2017,3.9,17,Delhi
5025,Employee_25,Engineering,Intern,122365,2021,2.2,21,Hyderabad
5026,Employee_26,Finance,Manager,130598,2023,4.2,40,Mumbai
5027,Employee_27,Finance,Manager,99166,2020,2.3,37,Pune
5028,Employee_28,Sales,Lead,77861,2015,3.8,5,Hyderabad
5029,Employee_29,Sales,Junior,127406,2021,4.1,19,Bangalore
5030,Employee_30,Finance,Senior,79298,2017,2.2,17,Bangalore
5031,Employee_31,Marketing,Junior,77221,2019,2.7,21,Bangalore
5032,Employee_32,HR,Lead,74942,2018,4.7,28,Hyderabad
5033,Employee_33,Marketing,Senior,33453,2019,3.8,12,Hyderabad
5034,Employee_34,HR,Junior,132811,2019,2.7,31,Hyderabad
5035,Employee_35,Finance,Senior,84935,2020,4.1,49,Mumbai
5036,Employee_36,Sales,Manager,73370,2020,3.8,27,Mumbai
5037,Employee_37,Sales,Junior,133932,2022,3.5,12,Bangalore
5038,Employee_38,Marketing,Senior,38328,2022,4.9,12,Delhi
5039,Employee_39,Sales,Senior,45534,2023,4.1,30,Bangalore
5040,Employee_40,Finance,Senior,115280,2022,3.1,17,Pune
5041,Employee_41,Marketing,Junior,114925,2016,4.4,43,Mumbai
5042,Employee_42,HR,Intern,66320,2015,4.7,41,Hyderabad
5043,Employee_43,Sales,Junior,79170,2016,2.4,32,Mumbai
5044,Employee_44,Engineering,Lead,130546,2016,2.6,29,Hyderabad
5045,Employee_45,Sales,Junior,110201,2017,2.6,20,Pune
5046,Employee_46,HR,Senior,133401,2021,4.1,6,Pune
5047,Employee_47,Marketing,Manager,38640,2016,3.8,22,Mumbai
5048,Employee_48,HR,Junior,130252,2015,3.9,21,Hyderabad
5049,Employee_49,Engineering,Junior,121057,2020,4.8,34,Pune
5050,Employee_50,Finance,Senior,60049,2023,4.3,43,Bangalore
5051,Employee_51,Sales,Manager,35618,2017,2.4,17,Bangalore
5052,Employee_52,Marketing,Manager,132540,2020,3,36,Hyderabad
5053,Employee_53,Finance,Lead,86053,2017,3.3,33,Mumbai
5054,Employee_54,HR,Junior,31920,2015,3.2,34,Pune
5055,Employee_55,Marketing,Manager,73937,2019,4,22,Mumbai
5056,Employee_56,Finance,Manager,99724,2018,4.7,17,Bangalore
5057,Employee_57,Marketing,Intern,42207,2021,2.9,47,Pune
5058,Employee_58,Engineering,Intern,95774,2020,3.7,25,Mumbai
5059,Employee_59,Engineering,Manager,62972,2021,4.4,34,Delhi
5060,Employee_60,Sales,Lead,40799,2019,3.2,25,Hyderabad
5061,Employee_61,Sales,Manager,101088,2018,2.5,21,Hyderabad
5062,Employee_62,Engineering,Senior,58916,2021,3.4,44,Delhi
5063,Employee_63,Marketing,Junior,100463,2021,2.2,23,Bangalore
5064,Employee_64,Engineering,Lead,123500,2020,4.8,19,Pune
5065,Employee_65,Sales,Senior,106700,2022,2.2,13,Hyderabad
5066,Employee_66,Engineering,Lead,67158,2018,3.3,14,Delhi
5067,Employee_67,Engineering,Senior,114607,2019,3.6,48,Delhi
5068,Employee_68,Marketing,Junior,149639,2018,5,35,Bangalore
5069,Employee_69,Finance,Junior,143945,2015,2.5,27,Bangalore
5070,Employee_70,Sales,Intern,101696,2022,2.3,34,Mumbai
5071,Employee_71,Marketing,Senior,91510,2015,2,37,Hyderabad
5072,Employee_72,Engineering,Intern,88692,2019,2.5,13,Mumbai
5073,Employee_73,Engineering,Senior,91744,2020,2.6,5,Delhi
5074,Employee_74,Finance,Intern,45810,2020,3.9,48,Pune
5075,Employee_75,Sales,Junior,35126,2019,2.7,39,Pune
5076,Employee_76,Sales,Lead,60009,2017,2.1,15,Bangalore
5077,Employee_77,HR,Intern,129120,2019,4.5,38,Pune
5078,Employee_78,Sales,Senior,141718,2022,3.1,20,Pune
5079,Employee_79,Finance,Senior,120932,2016,3.1,13,Pune
5080,Employee_80,HR,Junior,30192,2020,2.9,36,Delhi
5081,Employee_81,HR,Senior,146464,2023,4.9,19,Pune
5082,Employee_82,Engineering,Manager,66413,2022,2.5,16,Pune
5083,Employee_83,Engineering,Lead,42816,2022,4.7,37,Pune
5084,Employee_84,Sales,Intern,69082,2022,4.3,49,Mumbai
5085,Employee_85,HR,Lead,95048,2021,2.2,18,Delhi
5086,Employee_86,Engineering,Junior,80940,2022,5,12,Bangalore
5087,Employee_87,Finance,Intern,62130,2020,2.8,12,Mumbai
5088,Employee_88,Engineering,Intern,70142,2016,2.3,31,Hyderabad
5089,Employee_89,Engineering,Manager,66468,2016,4.5,16,Delhi
5090,Employee_90,HR,Junior,60698,2022,4.1,5,Delhi
5091,Employee_91,HR,Senior,40655,2015,3.9,47,Hyderabad
5092,Employee_92,Marketing,Manager,77897,2020,2.5,44,Hyderabad
5093,Employee_93,Finance,Manager,60075,2020,3.4,46,Hyderabad
5094,Employee_94,HR,Lead,39359,2018,4.3,15,Bangalore
5095,Employee_95,Sales,Lead,132197,2017,2.9,43,Pune
5096,Employee_96,Finance,Lead,135115,2017,2.9,47,Delhi
5097,Employee_97,Finance,Manager,72056,2015,2,35,Pune
5098,Employee_98,HR,Senior,81831,2017,2.5,21,Pune
5099,Employee_99,Finance,Intern,89191,2018,4.6,37,Hyderabad
5100,Employee_100,HR,Lead,148592,2019,3.3,36,Bangalore
5101,Employee_101,Engineering,Senior,63272,2017,5,33,Mumbai
5102,Employee_102,Marketing,Junior,138117,2020,3.2,25,Bangalore
5103,Employee_103,Engineering,Lead,44671,2019,4.1,25,Pune
5104,Employee_104,HR,Intern,57048,2017,2.8,44,Bangalore
5105,Employee_105,HR,Junior,106274,2020,3.1,27,Hyderabad
5106,Employee_106,Engineering,Junior,55963,2020,2.6,10,Mumbai
5107,Employee_107,Sales,Intern,73954,2022,3,26,Hyderabad
5108,Employee_108,Sales,Lead,102309,2016,3.6,42,Mumbai
5109,Employee_109,Sales,Manager,132120,2015,5,41,Pune
5110,Employee_110,HR,Intern,125430,2018,4,49,Mumbai
5111,Employee_111,Finance,Intern,30717,2021,2.6,12,Mumbai
5112,Employee_112,HR,Intern,41676,2017,2.1,45,Mumbai
5113,Employee_113,Finance,Junior,34434,2017,2.4,39,Bangalore
5114,Employee_114,Engineering,Senior,79810,2019,3.7,15,Bangalore
5115,Employee_115,Marketing,Manager,133361,2019,4.3,28,Pune
5116,Employee_116,Finance,Lead,148696,2017,4.8,25,Mumbai
5117,Employee_117,Sales,Lead,124636,2023,2,6,Delhi
5118,Employee_118,HR,Senior,34994,2018,3.6,44,Pune
5119,Employee_119,Engineering,Intern,34234,2017,3.4,23,Mumbai
5120,Employee_120,Sales,Manager,99300,2016,4,43,Mumbai
5121,Employee_121,Engineering,Lead,73949,2023,3.7,32,Bangalore
5122,Employee_122,Marketing,Lead,67405,2018,4.1,21,Pune
5123,Employee_123,HR,Intern,64872,2017,4,10,Mumbai
5124,Employee_124,HR,Senior,72215,2021,2.4,23,Mumbai
5125,Employee_125,Marketing,Manager,53185,2022,4.4,42,Pune
5126,Employee_126,HR,Senior,73442,2016,2.4,32,Delhi
5127,Employee_127,Finance,Senior,81759,2021,4.1,6,Pune
5128,Employee_128,Engineering,Manager,71153,2019,3.2,42,Pune
5129,Employee_129,Sales,Manager,107535,2019,3.5,41,Delhi
5130,Employee_130,Marketing,Lead,132023,2017,4.7,8,Pune
5131,Employee_131,Finance,Lead,32581,2019,4.7,26,Mumbai
5132,Employee_132,Sales,Manager,81717,2016,4.5,30,Pune
5133,Employee_133,Sales,Junior,32763,2018,3.5,47,Delhi
5134,Employee_134,Marketing,Lead,122910,2020,4.2,40,Hyderabad
5135,Employee_135,Finance,Junior,85480,2015,3.5,17,Pune
5136,Employee_136,Sales,Manager,68759,2018,4.6,36,Bangalore
5137,Employee_137,Sales,Lead,106067,2020,3.2,21,Mumbai
5138,Employee_138,Finance,Senior,148094,2023,4.9,45,Mumbai
5139,Employee_139,HR,Manager,55307,2016,4.8,40,Bangalore
5140,Employee_140,Sales,Intern,126371,2021,4.2,23,Bangalore
5141,Employee_141,Engineering,Junior,41064,2020,2.8,39,Pune
5142,Employee_142,Finance,Manager,106848,2016,2.4,44,Bangalore
5143,Employee_143,Sales,Manager,67548,2022,4.6,32,Hyderabad
5144,Employee_144,Marketing,Lead,66945,2021,2.5,5,Delhi
5145,Employee_145,Engineering,Lead,77937,2019,4.6,46,Bangalore
5146,Employee_146,Sales,Lead,36476,2019,3.5,22,Bangalore
5147,Employee_147,Engineering,Intern,81756,2021,3.2,44,Hyderabad
5148,Employee_148,Engineering,Lead,120101,2023,4.7,37,Mumbai
5149,Employee_149,HR,Manager,32382,2023,3.8,16,Mumbai
5150,Employee_150,Engineering,Lead,79683,2023,3.7,12,Pune
